<?xml version="1.0" encoding="UTF-8"?>
<beans xmlns="http://www.springframework.org/schema/beans"
	xmlns:xsi="http://www.w3.org/2001/XMLSchema-instance"
	xmlns:context="http://www.springframework.org/schema/context"
	xmlns:p="http://www.springframework.org/schema/p"
	xmlns:mvc="http://www.springframework.org/schema/mvc"
	xsi:schemaLocation="http://www.springframework.org/schema/mvc http://www.springframework.org/schema/mvc/spring-mvc-3.0.xsd
		http://www.springframework.org/schema/beans http://www.springframework.org/schema/beans/spring-beans-3.1.xsd
		http://www.springframework.org/schema/context http://www.springframework.org/schema/context/spring-context-3.1.xsd">

<context:component-scan base-package="org.capstore"/>
<context:component-scan base-package="org.capstore.controller"/>
<context:component-scan base-package="org.capstore.dao"/>
<context:component-scan base-package="org.capstore.domain"/>
<context:component-scan base-package="org.capstore.service"/>
<mvc:annotation-driven/>
<bean id="viewResolver" class="org.springframework.web.servlet.view.InternalResourceViewResolver"
	p:viewClass="org.springframework.web.servlet.view.JstlView"
	p:prefix="/WEB-INF/jsp/"
	p:suffix=".jsp"/>
	<mvc:resources location="/script/" mapping="/script/**"/>
	<bean id="propertyConfigurer"
		class="org.springframework.beans.factory.config.PropertyPlaceholderConfigurer"
		p:location="/WEB-INF/jdbc.properties" />
	
	
<bean id="dataSource" class="org.apache.commons.dbcp.BasicDataSource" destroy-method="close"  

        p:driverClassName="${jdbc.driverClassName}"
        p:url="${jdbc.databaseurl}"
        p:username="${jdbc.username}" 
        p:password="${jdbc.password}" />
        
       
<bean id="sessionFactory"
        class="org.springframework.orm.hibernate3.LocalSessionFactoryBean">
        <property name="dataSource" ref="dataSource" />
        <property name="configLocation">
            <value>classpath:hibernate.cfg.xml</value>
        </property>
        <property name="configurationClass">
            <value>org.hibernate.cfg.AnnotationConfiguration</value>
        </property>
        <property name="hibernateProperties">
            <props>
                <prop key="hibernate.dialect">${jdbc.dialect}</prop>
                <prop key="hibernate.show_sql">true</prop>
                <prop key="hibernate.hbm2ddl.auto">create</prop>
            </props>
        </property>
    </bean>
        
       
         <bean id="transactionManager"
        class="org.springframework.orm.hibernate3.HibernateTransactionManager">
        <property name="sessionFactory" ref="sessionFactory" />
    </bean>
    
	
	
	
	
	
	
	
	
	
	</beans>