<?xml version="1.0" encoding="UTF-8"?>
<!DOCTYPE hibernate-configuration PUBLIC
    "-//Hibernate/Hibernate Configuration DTD 3.0//EN"
    "http://hibernate.sourceforge.net/hibernate-configuration-3.0.dtd"> 
    
<hibernate-configuration>
    <session-factory>   
        <mapping class="org.capstore.pojo.order_details" />
 <mapping class="org.capstore.pojo.shipping_address_details" />
  <mapping class="org.capstore.pojo.TestClass" />
   <mapping class="org.capstore.pojo.product" />
   <mapping class="org.capstore.pojo.cart" />
     <mapping class="org.capstore.pojo.customer" />
      <mapping class="org.capstore.pojo.coupon" />
     </session-factory>         
</hibernate-configuration>