<?xml version='1.0' encoding='utf-8'?>
<!DOCTYPE hibernate-configuration PUBLIC
        "-//Hibernate/Hibernate Configuration DTD 3.0//EN"
        "http://hibernate.sourceforge.net/hibernate-configuration-3.0.dtd">

<hibernate-configuration>

     <session-factory>

	
     <mapping class="org.capstore.domain.Product" />
       <mapping class="org.capstore.domain.Category" />
  <mapping class="org.capstore.domain.Brand" />
   <mapping class="org.capstore.domain.Merchant" />
    <mapping class="org.capstore.domain.Sub_category" />
     <mapping class="org.capstore.domain.Stock" />
      
      <mapping class="org.capstore.domain.Customer" />
       <mapping class="org.capstore.domain.Shipping_details" />
        <mapping class="org.capstore.domain.Cart" />
        
          <mapping class="org.capstore.domain.Delivery" />
          <mapping class="org.capstore.domain.Order_details" />
           <mapping class="org.capstore.domain.Tracking" />
           
           
          
    </session-factory>

</hibernate-configuration>

