<?xml version="1.0" encoding="UTF-8"?>
<beans xmlns="http://www.springframework.org/schema/beans"
	xmlns:xsi="http://www.w3.org/2001/XMLSchema-instance" xmlns:context="http://www.springframework.org/schema/context"
	xmlns:mvc="http://www.springframework.org/schema/mvc"
	xsi:schemaLocation="http://www.springframework.org/schema/beans http://www.springframework.org/schema/beans/spring-beans.xsd
 http://www.springframework.org/schema/context http://www.springframework.org/schema/context/spring-context-4.0.xsd
 http://www.springframework.org/schema/mvc http://www.springframework.org/schema/mvc/spring-mvc-4.0.xsd">
	<mvc:annotation-driven enable-matrix-variables="true" />
	<context:component-scan base-package="com.packt.webstore.*" />
	<mvc:resources location="/WEB-INF/resources/" mapping="/resource/**" />
	<mvc:interceptors>
		<bean id="PerformanceMonitorInterceptor"
			class="com.packt.webstore.interceptor.PerformanceMonitorInterceptor" />
		<bean id="localeChangeInterceptor"
			class="org.springframework.web.servlet.i18n.LocaleChangeInterceptor">
			<property name="paramName" value="lang" />
		</bean>
		<bean class="com.packt.webstore.interceptor.PromoCodeInterceptor">
			<property name="promoCode" value="OFF3R" />
			<property name="errorRedirect" value="invalidPromoCode" />
			<property name="offerRedirect" value="products" />
		</bean>
	</mvc:interceptors>
	<bean id="localeResolver"
		class="org.springframework.web.servlet.i18n.SessionLocaleResolver">
		<property name="defaultLocale" value="en" />
	</bean>
	<bean
		class="org.springframework.web.servlet.view.InternalResourceViewResolver">
		<property name="prefix" value="/WEB-INF/views/" />
		<property name="suffix" value=".jsp" />
	</bean>
	<bean id="messageSource"
		class="org.springframework.context.support.ResourceBundleMessageSource">
		<property name="basename" value="messages" />
	</bean>
	<bean id="multipartResolver"
		class="org.springframework.web.multipart.commons.CommonsMultipartResolver">
		<property name="maxUploadSize" value="10240000" />
	</bean>
	<bean
		class="org.springframework.web.servlet.view.ContentNegotiatingViewResolver">
		<property name="defaultViews">
			<list>
				<ref bean="jsonView" />
				<ref bean="xmlView" />
			</list>
		</property>
	</bean>
	<bean id="jsonView"
		class="org.springframework.web.servlet.view.json.MappingJackson2JsonView">
		<property name="prettyPrint" value="true" />
	</bean>
	<bean id="xmlView"
		class="org.springframework.web.servlet.view.xml.MarshallingView">
		<constructor-arg>
			<bean class="org.springframework.oxm.jaxb.Jaxb2Marshaller">
				<property name="classesToBeBound">
					<list>
						<value>com.packt.webstore.domain.Product</value>
					</list>
				</property>
			</bean>
		</constructor-arg>
	</bean>
</beans>